alper.ergec@stokmice.com
bioject@hotmail.com
info@actopharma.com
46.burak.03@gmail.com
a.caphan@gmail.com
a.eker@ligamed.com.tr
a.koksal@paksel.com.tr
a.selcuk@ligamed.com.tr
a42c@hotmail.com
abcmedikal.vu@gmail.com
abdullah.sandikci@perrigo.com
abdullah.sarikaya@medtronic.com
abdulmecit.arikan@roche.com
abmpazarlama1@hotmail.com
abssaglik@gmail.com
acs__tekstil@hotmail.com
adamedikal@hotmail.com.tr
adamedikal2010@hotmail.com
adana@bicakcilar.com
adaymedikal@hotmail.com
ade.saglam@gmail.com
adem@novamedtek.com
adem_tas@mynet.com
ademkefall@gmail.com
adil@skyteks.net
adt@adtdental.com.tr
afidanoglu@medusa.com.tr
ahmet@avtmedikal.com
ahmet@caglarmedical.com
ahmet@kemitekskimya.com.tr
fatalbloow@gmail.com
ahmet_igdirli37@hotmail.com
ahmetakiz@gmail.com
ahmetcan@acte-co.com
ahmeteroglu2011@gmail.com
ahmetturkavci@gmail.com
ahusaygi@deltamed.com.tr
ahusaygi@gmail.com
ahutezel@poyrazmedikal.com.tr
akademimedikal@gmail.com
akar@btlturkiye.com
akcayozcan@ozcankardesler.com
akif@nurogludisdeposu.com
akin_medikal@hotmail.com
akmedisdeposu@windowslive.com
akorman27@gmail.com
akpinarn@bsci.com
akseckin@hotmail.com
aksumedikal@hotmail.com
akucukoglu@cosmo-plus.com.tr
aladdin@devatibbi.com
alemdef@hotmail.com
alev.irengun@irengun.com
aleva@ernemedikal.com.tr
aleventakkaya@hotmail.com
alevsu@yahoo.com
alfatip@yahoo.com.tr
Algan.ayaz@gmail.com
alialkas@denizpharma.com.tr
aliaykut@skyteks.net
alican@3durak.com
alimmedikal@hotmail.com
alivenas@gmail.com
aliyilmaz_1967@hotmail.com
alp@gobeklioglu.com
alpfakioglu@hotmail.com
alpomeroglu@yahoo.com
alptekin@bssmed.com
alsanforbesmedikal@gmail.com
altanozberk@dentavit.com
alteknik@alteknik.com.tr
altinaymedikal@hotmail.com
altindalmedikal@hotmail.com
altunilac-medikal@hotmail.com
amazontibbimalzeme@gmail.com
ambu@intramedical.com.tr
amgmedikal@gmail.com
anadolugrupmedikal@gmail.com
anatomi4205@hotmail.com
animatip@gmail.com
ankametco@gmail.com
ankaraortopedi@hotmail.com
anna.caglar@convatec.com
apeks_aysegul@hotmail.com
applied@intramedical.com.tr
applied3@intramedical.com.tr
apronilac@gmail.com
aqua-medical@hotmail.com
aramismedikal@hotmail.com
arda.genckan@medtronic.com
ardadent@hotmail.com
aren@aren.com.tr
arge@santasya.com
arif@dentalplaza.com.tr
arinmedikal01@gmail.com
aripasa@hotmail.com
armagan@femtomed.com
armormuhasebe@gmail.com
arsan@arsandental.com
arslan@sars.com.tr
arteonsaglik@gmail.com
arthroline@hotmail.com
artromedikal@hotmail.com
arzu.canbaz@guneydis.com
arzu.karaul@guneydis.com
arzu.tuncarslan@ateksis.com
arzu@saytekmed.com
arzudemiroz@bmtcalsis.com
arzu-molla@hotmail.com
arzunizamoglu@gmail.com
asandalci@biyomed.com.tr
aselcan007@hotmail.com
asistan@kasantrade.com
askabakci@hidromed.net
askinpoculu@hotmail.com
aslihan.arslan@medtronic.com
asliozkay@setramedikal.com.tr
asm@asmmed.com
aspadental@gmail.com
asrimsaglik@gmail.com
atak@atakmed.com
atakasimoglu@gmail.com
atalay@goldmaster.com.tr
atekin@idealmakina.com
atesemedical@hotmail.com.tr
atgacil@gmail.com
atikdental@hotmail.com
atilaonur@gmail.com
atilla.caglayan@teknikel.com
ats@atsbiomedikal.com
attmuhasebe@gmail.com
aua@nakletteknoloji.com.tr
avcifurkan@gmail.com
avicena@avicena.com.tr
avrasyalens@hotmail.com
ayca@plasti-med.com
aydin.sakaci@fphcare.co.uk
aydin.yalcin@pergomed.com
aydindental@aydindis.com.tr
aydogdudis@hotmail.com
ayemmedikal@hotmail.com
ayferakgol@gmail.com
ayferiskit@gmail.com
aykut.simsek@acelity.com
aykut@aysberkkozmetik.com
aykut@nitramedikal.com.tr
ayla@tinamedikal.com
aylin.enacar@penta-med.com.tr
aynur.haldizoglu@gmail.com
aynur@bahadir.com
aynur@medikasis.com
aynur_toper@hotmail.com
ays.kok@gmail.com
aysearpaci@algilac.com
aysecelik@emagrupltd.com
aysegul.taner@merck.com
aysegul@cdk.com.tr
ayseipekyildiz@hotmail.com
ayseipekyildiz@m-tsaglik.com.tr
aysel.k@modulertip.com.tr
aysen@laborsanltd.com.tr
Aysimasaglik@gmail.com
aysun.savran@wh.com
aysun.yalin.aktolga@medtronic.com
aysuozturk@yahoo.com
aytaccomert@gmail.com
aytacparlak11@hotmail.com
aziz-koluman@hotmail.com
azt@aztmedikal.com.tr
b.akin@adsmed.com
b.akyurt@sapiolife.com.tr
b.tulu@metrosan.com.tr
b.yazgan@sapiolife.com.tr
b_turkaydin@hotmail.com
badentalticaret@gmail.com
bahadir.baykal@gmail.com
bahadir.ozdil@meissa.com.tr
bahadirkaya1983@gmail.com
bahar.elmas@endolite.com.tr
baharmed@gmail.com
baki.tmr@gmail.com
balkeser@gmail.com
banugunar@medura.com.tr
baran_oguz@hotmail.com
baris.baglibel@bhmtr.com
baris@pmsmedikal.com
basak@leofarma.com.tr
basariortopedi@mynet.com
baturdanismanlik@gmail.com
bauerbandage.tr@gmail.com
baydar@cgrmedikal.com.tr
bayram@aysanmed.com
baysalmete@hotmail.com
bbayraktar@dogsan.com.tr
bcolkesen@bicakcilar.com
be@intersurgical.com.tr
bebektip@hotmail.com
begamedsaglik@gmail.com
begumakis@gmail.com
behlul_adiguzel@hotmail.com
behlul713@gmail.com
bekirhalici@atilimsaglik.net
bekiz@bicakcilar.com
belgin@biogen.com.tr
belgin2210@hotmail.com
bengu.atak@delta-med.com.tr
beraydent@hotmail.com
beril.behruz@gmail.com
berna_ultav@hotmail.com
berrinbayat@gmail.com
beryammedical@gmail.com
bettadiagnostic@gmail.com
betul.bozkurt@terumo-europe.com
betulk@arunsaglik.com
beyazgrup@beyazgrup.org
bfntmedical@gmail.com
big.kit@hotmail.com
bila.cakir@gmail.com
bilarmed@bilarmed.com
bilgemmedical@hotmail.com
bilgen.can@bbraun.com
bilgi.disdeposu@hotmail.com
bilgi@betamedikal.net
bilgi@beta-tr.com
bilgi@diacomfort.com
bilgi@turkuazdental.com
bilgi@valentis.com.tr
bilicimed@hotmail.com
binas@binasmedikal.com
bio3tr@gmail.com
biobak@biobak.com.tr
biomedtr@yahoo.com
bioprotibbi@gmail.com
birguly@biotechvisioncare.com.tr
birselserin@hotmail.com
biyodent@gmail.com
biyotek20@hotmail.com
biyoteknikmedikal@gmail.com
bmayan@med-pa.com.tr
bmsticaret@yahoo.com
bogachan.yalca@medtronic.com
bogazicidental@hotmail.com
bonefiks@mynet.com
bsaygili@saymedikal.com
bsburaksaglik@gmail.com
bsci1@intramedical.com.tr
bsemizoglu@ena-med.com
bugra.curali@metrodis.com.tr
bugraturkkan@famamedikal.com.tr
buket.cicekyurt@medtronic.com
buket.eker@medtronic.com
buket.say@medtronic.com
bulent.can@sonramed.com
bulent.gezer@bd.com
bulent.yildirim@anmeda.com.tr
bulent@duysel.com.tr
bulent@pratik-a.com
bulentu@medi-kim.com
bumin.kahveci@neoner.com
burak.ayyildiz@pyrovis.com
burak.bozok@medtronic.com
burak.durmus@mtsaglik.com.tr
burak.kaptan@bsci.com
burak.sabuncu@medtronic.com
burak@arymedikal.com
burak@boradental.com.tr
burakaskin@heradagroup.com
burakmedikalizmir@gmail.com
burak-saglik@hotmail.com
burcin.koroglu@medtronic.com
burcin.ozsayin@bd.com
burcin@boratay.com
burcu.berkman@fphcare.co.uk
burcu.erdugan@imd.com.tr
burcu.eryilmaz@zimmerbiomet.com
burcu@3afgrup.com
burcu@ubc.com.tr
burcu@vizor.com.tr
burcucuha@hotmail.com
burhan.yilmaz@medicusturkey.com
burhanyildiz@intrafarma.net
burkay.ozarslan@hotmail.com
buromed@ttmail.com
buse.tufek@zeiss.com
busrametin@ceylanmed.com
buzfarma@gmail.com
byeniceri37@gmail.com
c.atli@fanmedika.com
c.erdem@erdemortopedi.com
cabbarozyurek@hotmail.com
cagatay.koyuncu@medtronic.com
cagatayguner@ucgeticaret.com
cagdas@cagdasmedikal.com
fatalbloow@gmail.com
cagla.poyraz@getinge.com
caglakurfali@lansinoh.com.tr
caglarmed@gmail.com
cagridis@hotmail.com
caltoprak@gmail.com
can.samim@zeiss.com
can.sukan@incomed.com.tr
canberk.s@endmed.com.tr
caner.karakoc@natura-medical.com
canercagdanlioglu@hotmail.com
canernarman55@gmail.com
canersener@hotmail.com
canhasteksortopedi27@hotmail.com
canmed22@gmail.com
cansel_demrkn@hotmail.com
cansinacay@polifarma.com.tr
cansu.ayaz@hotmail.com
carefusion@intramedical.com.tr
cataktugrul@gmail.com
cavitestedental@hotmail.com
cebenay@msn.com
ceki.granti@grant-soft.com
celalkamisli@yahoo.com.tr
celasunk@gmail.com
cemal.yurteri@gmail.com
cemkoroglu@oypamedical.com
cen.san@hotmail.com
cengiz.senyuz@bego.com.tr
cengiz@ccmsaglik.com
cengiz@diatest.com.tr
cenk@misturkey.com.tr
cenkunsal@kozmoderm.com.tr
cereniz81@hotmail.com
miiracball@gmail.com
cetin@endoskopi.com.tr
cetintas06@hotmail.com
cevahirmedical@gmail.com
cevik_medikal@hotmail.com
ceyda.coban@philips.com
cfilik@bicakcilar.com
cicek.tablet.tuz@hotmail.com
cicenmurat@gmail.com
cigdem.kumarki@dentsplysirona.com
cigdem@dci.dental
cigdemb@enafarma.com.tr
cigselaydin@gmail.com
cihan.aksu2@bd.com
cihat_midyat@hotmail.com
cihatozan@yahoo.com
cihatsecgin@gmail.com
ciler.yildiz@safilo.com
cimenmedikal@mynet.com
clinicmed@hotmail.com
cmfmedical@hotmail.com
cmgul34@gmail.com
comoglusevinc@hotmail.com
coremedsaglik@gmail.com
coskun.asci@boztibbi.com
coviden_medikal@hotmail.com
CSaracog@its.jnj.com
csener@renal.com.tr
csevuk@gmail.com
cumhur.ceken@gmail.com
cumhurserbes@gmail.com
daksoymtc@gmail.com
damla@damlasaglik.net
darda@medek.com.tr
dasdemir_a@hotmail.com
davut_yilmaz55@hotmail.com
davutogluarda@hotmail.com
dcetin@dogsan.com.tr
degisimdental@yahoo.com.tr
deha@dehas.com.tr
delifeorthopedia@gmail.com
deltamed61@gmail.com
demet.subatlioglu@epsilonelektronik.com
demirmedikal@superonline.com
demirtasdisdeposu@yahoo.com
denek_medikal@hotmail.com
deniz_gercekli@hotmail.com
denmaklimited@gmail.com
dentalimplantmarket@gmail.com
dentalkibar@yahoo.com.tr
dentemsaglik@gmail.com
dentindex1@gmail.com
depo@hospitadent.com
depo@orcanmedical.com
derin_goncam@hotmail.com
derya.kultur@medtronic.com
destek@argenit.com.tr
destek@mesitas.com.tr
destekortopedi@hotmail.com
desumedical@gmail.com
desumert@gmail.com
devita@devita.com.tr
devran@sanatmetal.com.tr
devrim.arda@gmail.com
dhursandbekov@gmail.com
diatechltd@gmail.com
diatipmali@gmail.com
dicle.ozturk@getinge.com
didem.akkaya@bbraun.com
difasan@hotmail.com.tr
dilara.demirel@medtronic.com
dilaraaltun.da@gmail.com
dilekileri@gmail.com
dinanir@inanir.com
director@inspramed.com.tr
dismal@dismal.com.tr
diya-tek@diya-tek.com
dizaynmedikal@yahoo.com
dizdartoygun@hotmail.com
dmedikal@dmedikal.com
doctorsalih@gmail.com
dogacgulnerman@gmail.com
doganortopedi33@hotmail.com
dogumed1@hotmail.com
dogusmedical53@hotmail.com
dogus-medikal@windowslive.com
dogusmedikal2005@hotmail.com
domemedikal@gmail.com
doruk@doruksaglik.com.tr
dr_ruhicakir@yahoo.com
dralisantaspinar@hotmail.com
draliyucel@gmail.com
drkarabey@gmail.com
dsezer@bicakcilar.com
dtunc@expanscience.com
duman@duman.com.tr
dunyadental@hotmail.com
durmayuksel@gmail.com
durmusayaz@hotmail.com
duygu.sahin@almediko.com
duygu.savran@pharmamed.com.tr
duygugenisova@hotmail.com
dvoyvot@makromed.com.tr
e.altinci@prospet.com.tr
e.basaran@tr.vivasante.com
e.oez@euroimmun.com.tr
e.onursal@farmatron.com.tr
e.sener@renal.com.tr
e.takbak@tr.vivasante.com
e@id.inmsg.net
e@id.inmsg.net
ebenzer@interbenz.com
ebrarhasan@hotmail.com
ebru.cataltarla@gmail.com
ebru.gulsan@selisdental.com.tr
ebru@oasistr.com
ebru@vistaltd.com.tr
ebrukizilirmak@live.fr
ebrusertbas@att.com.tr
ebt@ebtsaglik.com
ebz08@outlook.com
ebzatay@gmail.com
eceanonim@hotmail.com
ecebayidestek@gmail.com
ecemedikalsm@gmail.com
eceortopedi@gmail.com
ecrinmedical@gmail.com
ecz.cihancapar@gmail.com
eczorhanatalay@gmail.com
eda.gemici@universalmedikal.com.tr
edaarisoy@enbio.com.tr
edtmedikal@gmail.com
eerkalan@dualdental.com.tr
efeozdamar@gmail.com
ekabadayi@memteknoloji.com
ekamal@inkur.com.tr
ekinmedikal@gmail.com
ekosaglik2004@gmail.com
ekrem.vardar@outlook.com
eksenmedikalankara@gmail.com
ektomi@hotmail.com
elif.aktas@merck.com
elif.aktas@merck.com
elif.akyayla@genometri.com.tr
elif.gunduz@getinge.com
elif@finsol.com.tr
elmas.ercan@getinge.com
emakmedikal@hotmail.com
emaymedical@gmail.com
emel-eylem-04@hotmail.com
emin@utsatco.com
emine.yenigun@multikan.com.tr
emir.erdogdu@bsci.com
emirhaneren@genplustr.com
emiryurur@ac-dental.com.tr
emrah.5678@hotmail.com
emrahduz@hotmail.com
emrahtalas@hotmail.com
emre@roamtech.com.tr
emrebarutcu@altaylimedikal.com.tr
emreydnc@gmail.com
emrullah@tissue-life.com
emsilac@gmail.com
ender.hanoglu@egebim.com.tr
endoaskbbunit@hotmail.com
endomek@endomek.com
endosantr@gmail.com
endosoft@hotmail.com.tr
engincelik@medura.com.tr
engincil@avenmedikal.com
engingedik@sismed.com
engingurel@gmail.com
enginkaya@kdo.com.tr
ensey@ttmail.com
entropysaglik@gmail.com
eozdemir@gemuhendislik.com
eozer@bicakcilar.com
eramedikal2009@hotmail.com
eramedmedikal@gmail.com
eraslan.mrt@gmail.com
erbamus@gmail.com
erbil_67@hotmail.com
ercan.atalayy@gmail.com
ercan.demir@aveasaglik.com.tr
ercan@er-med.net
ercisitmecihazlari@hotmail.com
erdal_iren@windowslive.com
erdas_medical@hotmail.com
erdem@neriamedical.com
erdem@oftalmed.com.tr
erdem@ucarmedikal.com
erdinc@transmedikal.com.tr
erenturkyilmaz@nismedikal.com
erenyazici@gmail.com
ergun.koca@gmail.com
ergungunay@gunaylargumruk.com
erhaner@deltamed.com.tr
erhangazelci@amdmedikal.com
erkan.sahin@medtronic.com
erkan@eurosmed.com
erkancengiz@ipekoptik.com
erkanerk@metcodental.com
erkanktm@gmail.com
erkanmedikal@gmail.com
erkanuyan_tr@hotmail.com
erkentmedikal@gmail.com
ermed_33@mynet.com
ermed_ortopedi@hotmail.com
erol@erpackmedikal.com
ersinkamal@gmail.com
ersunbicer@gmail.com
ersunkasap@hotmail.com
ertanismailoglu@hotmail.com
ertekstibbi@hotmail.com
ertugrul@troyapazarlama.com
esahin@eximmed.com.tr
esatekmedikal@gmail.com
esbteknolojimedikal@gmail.com
esen.cil@medtronic.com
esenerdogan@implatech.com.tr
esenol@ena-med.com
esim@botiss.com.tr
esin.kuskonmaz@medtronic.com
esmeray@intramedical.com.tr
Esra.Bulbul@bsci.com
esra.ertok@lmb.de
esra.kabadayi@acelity.com
esra@dlrmed.com
esra@eotdental.com
esra@idealmed.com.tr
esraakin@rdglobal.com.tr
esramahmat@dogahu.com
etdmedikal@hotmail.com
etikmedikal@gmail.com
etkimedikal@gmail.com
eugur@bicakcilar.com
evrenakyurekk@hotmail.com
export@ercammedikal.com
export@gozdemed.com
export@turmedonline.com
eyup.akmusluk@biolitec.com
eyupyildizhan@pine.com.tr
ezgi.tamyurek@medtronic.com
ezgigultekin@outlook.com
f.altinel@efesdental.com.tr
fahri@akarlarmedikal.com
farmacorpmedikal@farmacorp.com.tr
farmanilmedikal@gmail.com
faruk.yoldemir@bbraun.com
faselismedikal@gmail.com
fatih.arguden@safilo.com
fatih.hersek@safilo.com
fatih.turkarslan@bsci.com
fatih@famed.com.tr
fatih@ipekplastik.com
fatih@kalvox.com
fatih@leventtek.com.tr
fatih@monomed.com.tr
fatihakcan@gmail.com
fatihballisoy@mefamed.com.tr
fatihdisdeposu@ttmail.com
fatihkokceoglu@gmail.com
fatma.tamtabak@draeger.com
fatma@incomed.com.tr
fatma197167@hotmail.com
fatura@mediankamed.com
fcolak@beckman.com
fcrmedikal@gmail.com
fehmi@seltekgroup.com
ferdah_enes@hotmail.com
ferdaufuk@hotmail.com
fetasaglik@gmail.com
fguler@medsantek.com.tr
fidelcarpik@hotmail.com
figen.gencoglu@roche.com
fikret@aero-medical.net
fikret@kardinero.com.tr
fikretaydin@sismed.com
filiz@4amedical.com
filizbuyurgan@metismedikal.com.tr
finans@oliga.com.tr
firat.ipek@gmail.com
firdes@ndent.com.tr
fixmedical@hotmail.com
fizikci27@hotmail.com
fizyomedortopedi@hotmail.com
fkabadayi@novusarge.com
fkaraali@turksoymedikal.com
fpakkan@superonline.com
fuat@thorvacs.com
fulya@caglayanambalaj.com.tr
fundaakpinar@hotmail.com
fybiomedical@gmail.com
g.cetinkaya@chiesi.com
g.m@yilkal.com
g.yildirim@taste.com.tr
gama@gamamedikal.com.tr
gamidor@gamidor.com.tr
gazilab@hotmail.com.tr
gdurmus@istanbulisitme.com
generalmuratt@gmail.com
genesis.moh@gmail.com
geomed4141@gmail.com
gercek.sunman@simeks.com.tr
gercekmed@gmail.com
gezerteknolojikcihazlar@gmail.com
gezsaglik@hotmail.com
gkacar@ems.tc
gmbticaret@hotmail.com
gmdmedikal@gmail.com
gngmedikal@gmail.com
gokay@armadasistem.com
gokcedental@hotmail.com
gokduman@norospine.com
gokhan.simsek@tokra.com.tr
gokhan.uztek@megs.com.tr
gokhan@catakdisdeposu.com
gokhan@klasmed.com
gokhan@lisatibbi.com.tr
gokhan@vgtgrup.com.tr
gokhan-altinay@kansuk.com
gokhanarmagan86@hotmail.com
gokhanyurtseven@gmail.com
gokhunozcan1@gmail.com
gokmen_aytin@hotmail.com
goktunamedikaltr@gmail.com
gonul-medoksa@hotmail.com
gonultas@gonultas.com.tr
gorgundental@hotmail.com
gorkem@medistgroup.com
gorkemesen@dermotek.com.tr
gozde.ozyurt@getinge.com
gozde@haks.com.tr
gsubasi@tekmetal.net
gul.ova@dentamax.com.tr
gulcan@sanatmetal.com.tr
gulcihanfekri@bioartmed.com
miracbal2508@gmail.com
gulcin.undemir@ic-berlin.de
gulden@eylemmedical.com
guldentohma34@gmail.com
guleryuzdental5@gmail.com
gulnaz.mese@intersurgical.com.tr
gulsemin@kardesmedical.com
gulsen@assetmedikal.com
gulseren-ardic@hotmail.com
gulsunguler@gmail.com
gungor.ilkay@gmail.com
gungorenbora@gmail.com
gunmedikal@gunmedikal.com.tr
gurbuz_666@hotmail.com
gurbuzsaglik@hotmail.com
gurcan@dogumedikal.com
gurer@optimum-med.com
gurkan.koroglu@acendis.eu
gurkan@elektro-mag.com
gurkaynakyucel@hotmail.com
gursel.enc@argeron.com.tr
guven@betatechmedical.com
guvencdental@gmail.com
guvenmed35@hotmail.com
guvennn72@mynet.com
h.gultekin@gmsmedikal.com
h.ozgurduzgun@hotmail.com
haci.kesim@gelisimoptik.com
hacigulmedikal@gmail.com
hakan@venartbiomedical.com
hakansariyerli@bemmed.com.tr
halaky@gmail.com
halilatik@gulcanlarmedikal.com.tr
halil-cicek@hotmail.com
halilkovar01@hotmail.com
haliltumerr@gmail.com
haluk@ledamed.com
halukataoglu@matriksbiotek.com
handan.soyler@nipro-dmed.com
Hande.demirtas@pasifikmedikal.com
hande.genc@kappamuhendislik.com
hanifibal@hotmail.com
hanifiyar@hotmail.com
hanim_aga_58@hotmail.com
hannen.aykanat@pakten.com
hansaglik@gmail.com
harun.yerebakan@ekoltibbi.com.tr
hasan.su@hotmail.com
hasan@rino-med.com
hasan_sevis@hotmail.com
hasancoskun@saymedikal.com
hasanturgut@kuark.com.tr
haselticaret@hotmail.com
hasvet@hasvet.com.tr
Hatice.Yildirim@medtronic.com
havvaerkan@biogen.com.tr
hayat_medical61@windowslive.com
hayati.baysal@hmh-medikal.com.tr
hayrisamli@monemedical.com
hayriye.sahin@ertuncozcan.com
hazal@tenese.com.tr
hazaldental@hotmail.com
hazeloptik@yahoo.com
hborekci@hotmail.com.tr
hcinaral@metratip.com
hemi@nhmedical.com.tr
hgbayram@bayteks.com
hhacar@canmed.com.tr
hhamza67@gmail.com
hikmet@devatibbi.com
hikmet_al@hotmail.com
hilal.hatipogullari@plasti-med.com
hilal.tezcan@bbraun.com
hilal.ylmz89@hotmail.com
hilal@ad-medical.net
hilal@triosaglik.com
hkan@beckman.com
hmermerci@istanbulkoz.com.tr
hputun@hotmail.com
hsilav@makromed.com.tr
hsoylemez2001@hotmail.com
hulyahakverdi@limasaglik.com
human@human.com.tr
humeyra@nase.com.tr
hur.simsek@gmail.com
hurriyet@formed.com.tr
huseyin.arslan@yda.com.tr
huseyin.sukusu@sem.com.tr
huseyin@burakdia.com
huseyin@delta-trade-company.com
huseyin@szcomen.com
huseyinkahraman461@gmail.com
huseyinordu@yahoo.com
husnu@doratek.net
hyilmaz@techlens.com.tr
Ilteris.Mercin@getinge.com
i.atak@adsmed.com
i.solak@oksilite.com
iabaci@masimo.com
ibalcilar@novapharma.com.tr
ibengu@bicakcilar.com
ibnisinamedikal@hotmail.com
ibrahim.durgut@hotmail.com
ibrahim@bioaktif.com
ibrahim@gelisimmedikal.com
ibrahim@iommed.com
ibrahim@miratip.com
ibrahimilker@mscmedikal.com
icetiner@makromed.com.tr
iclal.tacalan@hazelsaglik.com.tr
idari@cetinkimya.com.tr
idicamst@gmail.com
idil.oney@technocast.com.tr
idmsaglik@gmail.com
idris.yilmaz@capamedikal.com.tr
idrisalkas@esmirasaglik.com
ihale@akinlab.com.tr
ihale@archem.com.tr
ihale@assetmedikal.com
ihale@capamedikal.com.tr
ihale@cerenmedikal.com
ihale@cinarecza.com
ihale@defnekimya.com
ihale@densiva.com.tr
ihale@elitmedikal.com
ihale@fizyomed.com.tr
ihale@gazikimya.com.tr
ihale@katsanas.com
ihale@kitsan.com.tr
ihale@liderdis.com.tr
ihale@marmedmedikal.com
ihale@mikyasmedikal.com.tr
ihale1@med-c.com
ikizlermedikal@gmail.com
ikoktas@ems.tc
iletisim@disburada.com
iletisim@dsmmedikal.com
iletisim@tamerholding.com
ilgar_medikal@hotmail.com
ilginmedical@gmail.com
ilker.cil@turkplast.com.tr
ilker@lotusmdc.com
ilkerkirca@brpkimya.com
ilkgazi@gmail.com
ilknur.elik@fujifilm.com
ilknur.tasanyurek@acibademlabmed.com.tr
ilyas@sinapsgrup.com
imamedikal@gmail.com
imc-medikal@hotmail.com
imngrup@gmail.com
import@medkarmedikal.com
import@selammedikal.com.tr
improgen@hotmail.com
imran@medisoftmedikal.com
inac@clinodevice.com
ince.ilhan@hotmail.com
info.ruhsat@bbraun.com
info.turkiye@phonak.com
info@2amedikal.com.tr
info@3afgroup.com
info@3smedikal.com.tr
info@aconilac.com.tr
info@adacerrahi.com.tr
info@adenmedikal.com
info@adremed.com
info@aeeas.com.tr
info@agorakimya.com.tr
info@agsmedikal.com
info@akabiotech.com
info@akademitibbialetler.com.tr
info@akakinilac.com
info@akay-grup.com
info@akomedikal.com
info@aktifdiagnostik.com
info@akutmedikal.com
info@albioderm.com
info@aledamakina.com
info@alezamed.com
info@algilac.com
info@alkimsaglik.com.tr
info@alpaya.com.tr
info@altaylarmedikal.com
info@anadoludisdeposu.net
info@anatomisaglik.com.tr
info@andromed.com.tr
info@antalyadisdeposu.com.tr
info@arasmedikal.com.tr
info@arbenmedical.com
info@arcaslc.com
info@ares-medikal.com
info@argenit.com.tr
info@artimedikal.com.tr
info@arvensaglik.com
info@asengel.com
info@asmmed.com
info@assetmedikal.com
info@atasansaglik.com
info@atilimsaglik.com.tr
info@atlantismedikal.com.tr
info@atltibbi.com.tr
info@ats-grup.com
info@aydinmed.com
info@azamed.com.tr
info@bahadir.com.tr
info@barishdamedikal.com
info@bayrakmedikal.com
info@beewair.com.tr
info@bg-dental.com
info@bimelticaret.com
info@bioaktif.com
info@biodal.com.tr
info@biogensaglik.com.tr
info@biokan.com.tr
info@biomina.com
info@biosel.com.tr
info@biosermedikal.com
info@biosim.com.tr
info@bmpmedikal.com
info@boranbiomedikal.com.tr
info@boztepegrupmedikal.com.tr
info@btech.com.tr
info@cansinbant.com.tr
info@cetinmedikal.com
info@cinarglobal.com.tr
info@cinarmedikal.com
info@cinartibbi.com
info@ckgrup.org
info@cleanteks.com
info@corpusvac.com
info@corvusmed.com
info@cpozitif.com.tr
info@damlatibbicihaz.com
info@datateknikmed.com
info@deksan.net
info@denizlermedikal.com
info@destekortopedi.com
info@detay-med.com
info@devatibbi.com
info@disposed.com.tr
info@doganecza.com
info@doganmedikal.com
info@do-pa.com
info@doramedikal.com
info@drdental.com.tr
info@d-xray.com
info@earthcare-eurasia.com.tr
info@ecsmed.com
info@edatip.com
info@egesaglikmedical.com
info@egevento.com
info@ekiptibbi.com
info@elektrokozmetik.com
info@elitegaz.com.tr
info@elmaslarmedikal.com.tr
info@emirgrupmed.com
info@emosoptik.com.tr
info@endoskopi.com.tr
info@enesdental.com
info@engaz.com.tr
info@enginmedikal.com.tr
info@eosmedikal.com
info@epithera.com.tr
info@eraylar.com
info@ercsaglik.com
info@erk-med.com.tr
info@eroglumedical.com
info@ersamed.com
info@ersamed.com.tr
info@ersemedikal.com.tr
info@ertuncozcan.com
info@estasmedikal.com
info@eurosmed.com
info@fabemmedikal.com
info@famamed.com
info@familyamedikal.com
info@farmamed.com.tr
info@farmasyon.com.tr
info@feniksmedikal.com
info@fer-med.com
info@fgmmedikal.com
info@fizyopol.com
info@fulmaks.com
info@fulyakorse.com
info@gadamed.com.tr
info@galeritip.com
info@galinamedikal.com.tr
info@gemed.com.tr
info@genalmedical.com
info@geotekmedikal.com
info@globaltibbialetler.com
info@gokaymedikal.com.tr
info@gulsa.com.tr
info@gunaymedikal.net
info@halicisaglik.com.tr
info@hamlesaglik.com
info@heltman.com.tr
info@hilalgrupmedikal.com
info@hkmedikal.com
info@idealdent.net
info@idolcerrahi.com
info@inceler.com.tr
info@incelermedikal.com
info@incidental.com.tr
info@insulamedical.com
info@intermedika.com.tr
info@islerdental.net
info@istanbulmedical.com
info@istimex.com
info@i-tekmed.com
info@izmirutcdis.com.tr
info@kafgrup.com
info@kamutay.com.tr
info@karadenizmed.com
info@kardeslertibbi.com.tr
info@kardiva.com.tr
info@kardiyomedikal.com.tr
info@kilicmedikal.com.tr
info@klcsaglik.com
info@kocgrup.org
info@kocilac.com
info@konturltd.com
info@korulugroup.com.tr
info@kreabiyo.com.tr
info@labmarker.com
info@laborsan.net
info@laborsanltd.com.tr
info@loreca.com
info@lotusmedical.com.tr
info@makinaoptik.com
info@mannas.com.tr
info@marmaratibbiurunler.com
info@mavitibbi.com.tr
info@mebstibbiurunler.com
info@medbolik.com
info@medgrupmedikal.com
info@mediankamed.com
info@medicol.com.tr
info@medikalite.com.tr
info@medikozceviri.com
info@medisam.com.tr
info@medisoftmedikal.com
info@meditechimplant.com
info@medkarmedikal.com
info@medsalus.com.tr
info@med-san.com.tr
info@medsisrehab.com
info@medtr.com
info@mendomed.com.tr
info@mervemedikal.com
info@mhkmedikal.com.tr
info@microtec.com.tr
info@milmet.com.tr
info@miraymedikal.com
info@modsaglik.com
info@mortonmedical.net
info@mozaikmedikal.com.tr
info@msaglik.com.tr
info@mstgrup.com
info@mtw-endoskopi.com
info@mutlumed.com
info@mydental.com.tr
info@nanomedikal.com.tr
info@nazartip.com.tr
info@necmkimya.com
info@neologic.com.tr
info@neuromedicaltr.com
info@normmed.com.tr
info@noromedikal.com
info@ntdiagnostic.com
info@nuansmed.com
info@nutrimet.com.tr
info@olimpossuaritma.com
info@ondental.com.tr
info@onguntekstil.com.tr
info@onurmedikal.com.tr
info@optimusmedikal.com
info@opusmedikal.com
info@orcanmedical.com
info@ortadoguas.com
info@ortizmedical.com.tr
info@ortonew.com
info@oryamedikal.com.tr
info@oryummedikal.com
info@ozbulbul.com
info@ozcansaglik.com
info@ozersa.com
info@ozgunimplant.com
info@phibo.com.tr
info@piruz.com.tr
info@prestijhastanegerecleri.com
info@promedak.com.tr
info@promostmedikal.com
info@prosimmedical.com
info@protip.com.tr
info@puradigm.com.tr
info@queisser.com.tr
info@radyomed.com
info@rausmann.com
info@redokslab.com
info@renesmed.com
info@rotamedikal.com.tr
info@rotatipmedikal.com
info@rvmedikal.com
info@safakdental.com
info@safircerrahi.com.tr
info@senelmedical.com
info@senmedikal.com
info@ser-med.com.tr
info@seymensaglik.com
info@sinamed.com.tr
info@sinapsmedikal.com
info@smmmeminesen.com
info@soydasmedikal.com
info@soyem.com.tr
info@soysallar.com
info@ssm.com.tr
info@sterilmed.com.tr
info@strmedical.com
info@sykureostomi.com
info@tarti.com
info@tdotherapy.com.tr
info@teknikcagdastip.com.tr
info@tekno-med.com.tr
info@terraanaliz.com.tr
info@tesamedikal.com.tr
info@tiomedikal.com
info@tipkimsan.com.tr
info@tunadent.com
info@turkilac.com.tr
info@ucgenmedikal.com
info@uclerkimya.com.tr
info@uludagbiomed.com
info@ulusalecza.com
info@ulusummedikal.com
info@umaysaglik.com
info@unilab.com.tr
info@unimag.com.tr
info@unluege.com.tr
info@vegaortopedi.com
info@vegaproje.com.tr
info@vgtgrup.com.tr
info@vidadental.com.tr
info@vitalis.com.tr
info@vitalmedikal.com.tr
info@vizyontipsaglik.com
info@willcare.com.tr
info@yarenmedikal.com
info@yasarmedikal.com
info@yilmazmedikal.com
info@yu-cetibbi.com
info@yukselismedikal.com
info@zesdent.com.tr
info@zindelab.com.tr
iokmen@radmed.com.tr
ipek.esin@bbraun.com
ipek@ipekmedical.com
ipekmedikal@gmail.com
ipekyolumedikal@hotmail.com
irem.naneci@getinge.com
irem.taspinar@convatec.com
irfan@sanatmetal.com.tr
irmak.ozer@bd.com
ismail.moral@momed.com.tr
ismail@ceylanmed.com
ismail@kardesis.com.tr
ismail@ra-me.com
ismail@yucel.tc
ismailsahinkaya@piyon.com.tr
ismailturgutlu@serkanmedikal.com.tr
ismetx@gmail.com
istanbullu@setmedikal.com.tr
istemmedikal@yahoo.com.tr
ithalat@4m.com.tr
izel.ergun@contractors.roche.com
izmir.iksiritriyat@gmail.com
izmir@bicakcilar.com
izmtokra@hotmail.com
izzet@istanbulmedical.com
izzetn@gmail.com
jeomed@windowslive.com
kaan.karayel@kci1.com
kaan@dentium.com
kader.baltaci@medtronic.com
kader.kumbasar@sanomed.com.tr
kadirekici27@gmail.com
kadiryurdan@gmail.com
kadri.c@caginerhastanesi.com.tr
kadri.donmez@gmail.com
kafiye.kaya@gmail.com
kahramaneczanesi@yahoo.com
kaledental@mynet.com
kalemedikal71@gmail.com
kaletibbi@gmail.com
kalibregrup@gmail.com
kalite@nitrocare.com.tr
kalite@tms-medical.com
kamil_egilmez@hotmail.com
karadeniz.murat@gmail.com
karahanbozkurt@hotmail.com
karatayeczanesi@gmail.com
karayelsaglik@gmail.com
Kardesler-arge@freshnsoft.com
kardeslermedical@hotmail.com
karmed.karaca@gmail.com
karyamedikal@hotmail.com
kaslarsaglikurunleri@gmail.com
kavlakselda@hotmail.com
kayamedikal_capa@hotmail.com
kaynakaydin@gmail.com
kdanisman@ems.tc
kderiz@trmedikal.com.tr
kemal@armadasistem.com
kemal@mediflex.com.tr
kemalblgn@gmail.com
kemalmilani@metcodental.com
kemalyucetepe_7@hotmail.com
kenan.ersan@hotmail.com
kenan33.m.kyl@gmail.com
kenozt@gmail.com
kerim_uzun@hotmail.com
kesinmedikal@gmail.com
keskinol@yahoo.com
kilic@espadamed.com
kizilirmakdis@hotmail.com
kng.info@yahoo.com
kocamansaglik@hotmail.com
kocmedikal@windowslive.com
konfarmamedikal@gmail.com
korayinalx@hotmail.com
korhan@teknomek.net
korhan@vefamedikal.com.tr
koridor@koridorsaglik.com.tr
koroilac@hotmail.com
kotek@kotek.com.tr
kredix.agultekin@gmail.com
krysahin1@gmail.com
kubilay.kose@guneydis.com
kubilay@aslansaglik.net
kubra.onel@bbraun.com
kubrabayraktar@ayazortopedi.com
kubrakaya@emagrupltd.com
kucuklerltd@gmail.com
kulacsaglik@hotmail.com
kursat_genc@hotmail.com
kursatfb25@hotmail.com
kurtaran@kurtaranambulans.com
kutaysungersekudent@gmail.com
kutlay@plasti-med.com
kykgrup@gmail.com
kys@tipmed.com
labvet.leo@gmail.com
lacinmedikal03@hotmail.com
lacivertmedikal@outlook.com
laleyildirim@windowslive.com
latifecakiryilmaz@gmail.com
laydin@tekateknik.com.tr
ledunozonur@bioartmed.com
leontoys@gmail.com
levent@boratay.com
leyla@ereglioptik.com.tr
leyla@ucisik.com.tr
livatip@hotmail.com
lonemedsaglik@gmail.com
m.aksu_tr@hotmail.com
m.aslan@humantech.com.tr
m.bakan@steriltr.com
m.c.k.0585@gmail.com
m.demirci@ardemmed.com
m.eser77@gmail.com
m.maysamedikal@gmail.com
m.nurullahacar@gmail.com
m.sahin@cukurovateknik.com.tr
m.tirit@chiesi.com
macitpektas@karcamedikal.com
mahmutyldz@hotmail.com
mahya@mahya.com.tr
makialp@medek.com.tr
makromedkonya@gmail.com
mamatteknoloji@gmail.com
marketing@tipmed.com
masivagrup@gmail.com
matsan@matsangroup.com
maybar@bicakcilar.com
mbatuk@multimed.com.tr
mcbayrak@konevimedikal.com
mcepnili@gmail.com
mcoskun@nanotest.com.tr
mcoskun@onarge.com.tr
md_medikal@hotmail.com
mddolmaci@gmail.com
mdemirant@gmail.com
mdgmedikal@hotmail.com
medacerrahi@gmail.com
medeksmedikal@hotmail.com
medibimltd@gmail.com
medical-3e@hotmail.com
medicalconsept@gmail.com
medicastsaglik@gmail.com
medicatip@hotmail.com
medifar@medifar.com.tr
medifiksmuhasebe@gmail.com
medikal.satis@philips.com
medikalark@gmail.com
medikaldemir@hotmail.com
medikalhedef@hotmail.com
medikalport07@gmail.com
medikalzafer@gmail.com
mediprot.amoena@gmail.com
medis@medis.com.tr
medisa@medisa.com.tr
medisan01@hotmail.com
meditip@hotmail.com
medixatekstil@gmail.com
medlinemedikal@hotmail.com
medona@ttmail.com
medshapemedikal@hotmail.com
medskin@intramedical.com.tr
medsumedikal@medsumedikal.com
medtimeortopedi@gmail.com
megadisdeposu@gmail.com
mehmet.balci@sem.com.tr
mehmet.bezirkan@getinge.com
mehmet.ozdemir@terumobct.com
mehmet.ozfen@draeger.com
mehmet.turkmen@medtronic.com
mehmet@akisoglumedikal.com
mehmet@asporya.com
mehmet@farmasina.com
mehmet_fatih_03@hotmail.com
mehmetali@sentezmedikal.com
mehmetali@sevdia.com
mehmetalisik@live.com
mehmetebter@atlasgrup.com.tr
mehmetera87@gmail.com
mehmetgokhanozic@hotmail.com
mehmetkocar@hotmail.com
mehmetorhon@orhondis.com
mehmetsait@mimpharmacia.com
mehtap.mercan@vestamedikal.com
mehtap@dogumedikal.com
mehtap@orcemmedikal.com.tr
mehtap32321@hotmail.com
mehtapyetisgin@ecosilver.com.tr
melek.albars@medtronic.com
melek@emtron.com
melihayanoglu@digifilm.com.tr
melihd@yahoo.com
melihduzkaya@hotmail.com
melike@baskent.com.tr
meliketarlakazan@gmail.com
melis@modemed.com
melisdisdeposu@yahoo.com
menagrup@gmail.com
meral.bolat@tekservis.com
meral@ayskalite.com
mercansaglik@gmail.com
merkezdis@merkezdis.com.tr
mert.baki@occlutech.com
mert.kucuk@lima-turkey.com.tr
mertozdogan@gmail.com
mervan.koyluer@schiller.com.tr
merve.ay@bbraun.com
merve.cebeci@bamateknoloji.com
merve.inan@capamedikal.com.tr
merve.kucukozkan@perrigo.com
merve.ozkan@getinge.com
merve.yildirim@bd.com
merveoruc@hatgrup.com
mesut.deniz@altunkaya.com
mesut.ugur@beymed.com
mesut.yildiz@medikaltim.com.tr
mesutalikayar42@hotmail.com
mesutaykac@hotmail.com
mete.yigit@mlpcare.com
meteks@meteks.com.tr
metin.gok@oncotech.com.tr
metin@plevneli.com
metinuzn@hotmail.com
metromedsaglik@gmail.com
mgul@clinodevice.com
mhc@intramedical.com.tr
mine@odakkimya.com.tr
miray.ozkan@alvimedica.com
mirilach@hotmail.com
mkockaya@hotmail.com
mktdunya2@gmail.com
mltseven@yahoo.com.tr
mm@intramedical.com.tr
mmb@sedammedikal.com
mnt_medical@yahoo.com
mohicane@mynet.com
molnlycke3@intramedical.com.tr
molnlycke4@intramedical.com.tr
moztutuncu@hotmail.com
mrtlkn@hotmail.com
MRZAdental34@hotmail.com
msmedikal@hotmail.com
mstfturan24@gmail.com
msu@dentimplant.com.tr
mtdmedikal@hotmail.com.tr
mubeccelcalik@agsmedikal.com
mucan67@gmail.com
mufitkoc@tiptekmedikal.com.tr
muge.kucukcan@medeltip.com
muhammedyavuz@spinamer.com
muharrem.simsek@convatec.com
muhasebe@artimed.com.tr
muhasebe@bilkimya.com
muhasebe@biotrend.com.tr
muhasebe@evolutis.com.tr
muhasebe@imdbiomedical.com
muhasebe@medikal2000.com.tr
muhasebe@ninovamedikal.com
muhasebe@osmeddental.com
muhasebe@pesimplants.com
muhasebe@regen.com.tr
muhasebe@seyhanmedical.com
muhasebe@technocast.com.tr
muhasebe@tstsan.com
muhasebe@vezirmed.com
mukaddes@metkur.com.tr
munevvermeta@gmail.com
murat.cicek@medtronic.com
murat.eroglu@deay.com.tr
murat.irmak@BEGO.com.tr
murat.kara@shahkara.com.tr
murat.kolukisa@gmail.com
murat.kurucay@convatec.com
murat.oz@aresmedikal.com.tr
murat.topaloglu@gen-era.com.tr
murat@biyosistem.com.tr
murat@embryomed.com
murat@genomiks.com.tr
murat@izmedikal.com.tr
murataksoy@medaks.net
muratgures78@gmail.com
muratguven54@hotmail.com
muratuysal@baymed.com.tr
mursit_23@hotmail.com
mustafa.aslan@leonamedical.com
mustafa.cetinkaya@irengun.com
mustafa.koyuncu@ekol.com
mustafa.yilmaz@aselmakine.com
mustafa@orbisgrup.com.tr
mustafa@wingmed.com.tr
mustafahaboglu@ekimltd.com
mustafaortaoruc@gmail.com
mutlu@kitsan.com.tr
muzafferkutlu_77@hotmail.com
my@mymedikal.com.tr
myspine@yandex.com
n.algan@promekmedical.com
n.ergin@fanmedika.com
n.gorce@ekbak.com.tr
n.patan@erbamannheim.com
nagehanoner@atakmedikal.com.tr
naltinsoy@banat.com
namamed@hotmail.com
naz@nazmedikal.com.tr
nazen.on@b-active.com.tr
nazko73@gmail.com
nazli.kalinaga@medtronic.com
nazliaydogan76@hotmail.com
ncanatan@gmail.com
nebahat@akatkozmetik.com.tr
necdet@protekteknik.com.tr
necip.ozova@gmail.com
necla.girit@medtronic.com
nedim@kentrading.com.tr
nedimadut@has-pet.com
nedret.kesmen@servier.com
nefesmedikal@hotmail.com
nejat.adacam@osseus.com.tr
nerineren@girgin-ltd.com
nerol@adia.com.tr
neromedtr@gmail.com
nese@oryamedikal.com.tr
nesesalva@rdglobal.com.tr
nesilmed@hotmail.com
neslihan.ergun@abcteks.com
neslihan.karakoyun@medicraft.com.tr
neslihan.teksan@bd.com
neslihan@plasti-med.com
neta@netamedikal.com
netronmed@gmail.com
neval.merdivenlioglu@aytelelektronik.com
nevinnarin@hotmail.com
nidala@morelma.com.tr
nigar.yumurtaci@bbraun.com
nihat.corum@unaldimedikal.com.tr
nihat@proaktifortopedi.com
nilay.guzey@seltekgroup.com
nilay@ra-me.com
nilufer.goncu@mindray.com
niptuckest@gmail.com
nitronmedikal@gmail.com
nktibbi@gmail.com
noktamedikal@hotmail.com
nora4@shunmed.com
novaren1@hotmail.com
nsntepe@gmail.com
ntemiz@zade.com.tr
nuraysakul@atlantisilac.com
nuraysevcan@umaysaglik.com
NURDAN.HOCAOGLU@perrigo.com
nurettin@velamed.com.tr
nurettins@atailac.com
nurgulgormez1@hotmail.com
nurmedical@gmail.com
o.balci@aklasileriteknoloji.com.tr
o.gumus@fenisia.net
o.guven@adellens.com.tr
o.kavukcu@koroilac.com
obaysal@argigrup.com
ocak@ocakmop.com.tr
odilek@bicakcilar.com
odiotek@superonline.com
odyodogan@hotmail.com
oehatip@save.com.tr
ofis@royaltr.com
ofis1@paritemedikal.com
ogul@bezmialem.edu.tr
oguz252@gmail.com
oguza@farmasyon.com.tr
oguz-alp@hotmail.com
okaya@banat.com
okyanusgrupmed@gmail.com
olcay.ersoz@ermedmedical.com
olcaytzcn@gmail.com
omer.ilter@altunkaya.com
omer.mavituna@medtronic.com
omer.odabas@tekservis.com
omer.yesiltas@hotmail.com
omer@tahamed.com
omerbaykus_27@hotmail.com
omerdemir_06@hotmail.com
omerolgun21@gmail.com
Omur.Dogdu@bsci.com
omur@omurmedikal.com
onderbora@milkway.com.tr
onel@tipmed.com
ongun@libor.com.tr
onur.arslanoglu@promedis.com.tr
onur.ay@aveasaglik.com
onur.cicek@medtronic.com
onur@famamed.com
onurcevahir@infoend.com.tr
onurdisdeposu@hotmail.com
onurgul@medtim.com
onurrmedikal@hotmail.com
operasyon@piyon.com.tr
oralercan_@hotmail.com
orhan.gundogan@pisaglik.com
orjinalmed@hotmail.com
orkun@oftalmed.com.tr
ortekmedikal@gmail.com
ortho-world@hotmail.com
ortomert@gmail.com
ortosistemmedikal@yahoo.com
orucogluevren@gmail.com
osekamedikal@gmail.com
osman@medinovatip.com
osman@tekniksaglik.com.tr
osmanadali@outlook.com
osmanberis@hotmail.com
osmancaglayan@hotmail.com
osmanhilalnazli@hotmail.com
osmanlimed@gmail.com
osmnozcn@gmail.com
ostinmedikal80@gmail.com
otarakci@beckman.com
otlu44@hotmail.com
ottoped@hotmail.com
oulcan.hazer@hotmail.com
ozancosgun@gmail.com
ozanmedical@gmail.com
ozden.ozen@seltekgroup.com
ozer.ozkaptan@orhunsaglik.com
ozge.can@medtronic.com
ozge.yigitbasi@medtronic.com
ozge@2bmedikal.com.tr
ozge@grupplatin.com
ozge@novusarge.com
ozgur.basturk@bsci.com
ozgur@biokido.com
ozkaynarticaret@gmail.com
ozlem.duygu@medtronic.com
ozlem.koc@zinedent.com
ozlem.mirza@gmail.com
ozlem.ugur@pharmapositive.com.tr
ozlem@mtsmedikal.com
ozlemcevher@jeomed.com
ozturk@setmedikal.com.tr
ozturk@tasarimmed.com.tr
pacat@bicakcilar.com
panomedical@gmail.com
parkdental@hotmail.com
pasadental@gmail.com
payasmedikal@yahoo.com
pazarlama@cempa.com.tr
pehlivancetin@yahoo.com
pelin.ozeyranli@medapp.com.tr
pelin.sireli@acelity.com
permedsaglikurunleri@hotmail.com
pinar.akcam@loccitane.com.tr
pinar.soylemez@invacor.com.tr
pinar@embryomed.com
pinar@pointmedikal.com.tr
piramitdentalmedikal@hotmail.com
planmed@yahoo.com
polikosanmedikal@gmail.com
porges@intramedical.com.tr
pregomed@gmail.com
probmed@probmed.com
progrp001@gmail.com
promedmedikal@outlook.com
prosan.medical@gmail.com
prosmed@yandex.com
pusulamed@gmail.com
quality1@turkuazsaglik.com.tr
rabia@saytekmed.com
radontek@cyberknife.com.tr
railya@live.com
ramicabuk@hotmail.com
rayaz@medikon.com.tr
realoptik@hotmail.com
rekormed@gmail.com
relaxdental21@gmail.com
rencag@hotmail.com
renmed@renmed.com.tr
renovailac@hotmail.com
resat@rksaglik.com
resat1976@yahoo.com
resul.kebir@consol.com.tr
reyhan@medikaldestek.com
rifat@dentmedikal.com.tr
riza@dental-k.com.tr
rizakoksal@opakim.com.tr
rodertem@hotmail.com
rotammedikal@hotmail.com
ruya@utkumedikal.com
s.demirkol@intronsaglik.com.tr
s.gultekin@gmsmedikal.com
s.kadir@mynet.com
s.turkmen@genilac.com
sabamedikal@hotmail.com
sabire.goncegul@queisser.com.tr
sabire@teknosite.com.tr
sadi@reamedix.com
sadik@sitogen.com.tr
saffet@embryomed.com
saffetekinci@gmail.com
saglik@saglikmedikal.com
sahinmedikal06@hotmail.com
saitchmr@superonline.com
sakis@bicakcilar.com
sales@eurosmed.com
salih.cizmecioglu@hedefdisticaret.com
salutemmedikal@gmail.com
samedmedical@yahoo.com
samet@canmed.com.tr
samionurerarslan@gmail.com
sarikose@hotmail.com
sarusmedikal@yahoo.com.tr
satiguzel@hotmail.com
satis@medikokim.com
satis@orcanmedical.com
satis@redlineekg.com
satisdestek@aurafix.com
savas@dnbsaglik.com
savastastan@yahoo.com
savasunver@mozaikmedikal.com.tr
savbayburtlu@mynet.com
sayarticaret@gmail.com
sayintip@gmail.com
scaglar@dogsan.com.tr
scevik@asridis.com
sculhalik@hotmail.com
sdemirelmtc@gmail.com
sdkerdem@gmail.com
seatekmedikal@gmail.com
sebahatates@hotmail.com
secil.kuzcali@medtronic.com
secil.ozturk@kayamed.com
secil@10ponm.mn
seda.bas@wellspect.com
sedasaadetipek@hotmail.com
sedasen87@gmail.com
seher.can@i-med.com.tr
selammedikal@hotmail.com
selcan@internationalcsm.com
selcon.opticon@gmail.com
selcuk.kara87@gmail.com
selcuk.ugur@pharmapositive.com.tr
selcuk@hekimsan.com
selcukyuruk@sepamensucat.com.tr
selenonel@tipmed.com
selim.sengor@infron.com.tr
selim.turhan@cmc-group.com.tr
selim@medinovatip.com
selimyilmazmed@gmail.com
selin.oygur@turkplast.com.tr
selinmedek@gmail.com
selvahiziroglu@bioport.com.tr
sema.alev@hotmail.com
sema@ortostep.com.tr
semainci.07@gmail.com
sembolortopedi@hotmail.com
semiha@morsa.com.tr
semihatak@turkmet.com.tr
semihdisdeposu@gmail.com
semra.pasa@zeiss.com
sena.sorgun@tuniva.com
senaycelebi@no94.com.tr
sera.bahar@siemens-healthineers.com
sercan.arslan@hatemmedikal.com
sercansiraz@hotmail.com
serdal@aszkimya.com.tr
serdar.temiz@straumann.com
serdar@sedomed.com
serdar@umayana.us
serdart@isbank.net.tr
serefsevim@gmail.com
sereslimited@gmail.com
sergenoptik@hotmail.com
serhantufan@hotmail.com
serhat.erinc@tedafarma.com
serhat.sungur@meridienltd.com
serhat@aszkimya.com.tr
serhat1979@yahoo.com
serhataltinci6100@gmail.com
serkan.duygun@honnes.com
serkan@ensmedikal.com.tr
serkan@umutsan.com
serkandag79@gmail.com
serkanerdur@koroglugroup.com
serkankanlioglu@yahoo.com
serkankoleri@hotmail.com
seromed85@yahoo.com
serpil.suekinci@gen-era.com.tr
sertacbahar@hotmail.com
servarol1976@mynet.com
servet.firat@teknikel.com
sesortopedi@hotmail.com
sevalmedikal2@hotmail.com
sevda.resat@medtronic.com
sevenlerdis@gmail.com
sevilayakcay87@hotmail.com
sevin.yilmaz@capamedikal.com.tr
sevincisitme@gmail.com
seyda.yavuz@bbraun.com
seyhan@saytekmed.com
seyhankaya@k-grup.com
seyithanhokenek@globalbiomedikal.com.tr
seymanur@att.com.tr
sezen.ceylan@siemens.com
sezgi.nuzumlali@bbraun.com
sgd@sgdmedikal.com
sgurbuz@zade.com.tr
sguzin@hipokrat.com.tr
shanci@biyomed.com.tr
shnyprk@gmail.com
sibel.frost@ipekoptik.com
sibel@alasaglik.com
sibel@atilganas.com.tr
sibel@medi-tas.net
sibel@naturelmedikal.com.tr
sibel@pironmed.com
sibel@saytekmed.com
sibelyolcubasi@gmail.com
sifar@sifartibbi.com.tr
simay.ozlem.surucu@bd.com
simaymedical@hotmail.com
sinan.hisim@acelity.com
sinan@vamosmedikal.com
sinancetiner@pronovamedikal.com
sinanmeric787@hotmail.com
sinem.dirim@promedis.com.tr
sinem.gul@bati-grup.com
sinem.torun@istanbul-medikal.com
sinemoktensoy@gmail.com
sinemvardar@emsas-as.com.tr
sirindental@gmail.com
sisli@taksimisitme.com
sismanemir@yahoo.com
sm@renal.com.tr
sm2@intramedical.com.tr
smuratx@gmail.com
solid@solidort.com
somuncu.fatih@gmail.com
songul.simsek@zeiss.com
songulkurtt@gmail.com
songur@songurticaret.com
sonmezortopedi@hotmail.com
spesera@hotmail.com
spiskin@fargen.com.tr
ssatar@radmed.com.tr
stmedikal@hotmail.com
stnmedikal@gmail.com
suat1273@hotmail.com
sudemedfirat@gmail.com
sule@alpaya.com.tr
suleyman@hipokrat.com.tr
suleyman@klasmed.com
suleymanemreyalcin@gmail.com
suleymansungur@gmail.com
sumeyyeturk1503@gmail.com
sumru@tasarimmed.com
suna@ankapa.com.tr
suzan.kaya@zeiss.com
suzan@vametmedikal.com
talipucgul@hotmail.com
tamer@noramedikal.com
tamermed@tamerholding.com
tamerperk@medicaperk.com.tr
tamyel.sener@hartmann.info
tanju@olgunmedikal.com
tansiyon06@hotmail.com
tasalimited@gmail.com
tasarim_ortapedi@hotmail.com
tayfun.cur@safsaglik.com
tayfun.yilmaz@yalcinagaogluholding.com
tayfun@rvmedikal.com
taylan@ataytek.com.tr
tbudental@hotmail.com
tekniktip.medikal@gmail.com
teknodental@msn.com
teknomar@teknomar.com.tr
teknomedikal@hotmail.com
tektasdental@hotmail.com
telli@cencemedikal.com.tr
te-mah@hotmail.com
temas@temas.com.tr
temed@temed.com.tr
temurmedical@gmail.com
tenamedical@gmail.com
teomankudal@gmail.com
testline@hotmail.com
timursa@me.com
timursahiner@gmail.com
tkarasakal@beckman.com
tmt.medical@yahoo.com
tolga@raisamed.net
tolgaorucoglu@hotmail.com
tonya.yilmaz@medtronic.com
topcudental@hotmail.com
toygun@isigun.com.tr
tozkan@bicakcilar.com
trtuoz@coloplast.com
tst@tstsan.com
ttmedmedikal@gmail.com
ttr.yetkin@gmail.com
tugba.vardar@bbraun.com
tugba@umguysal.com
tugce.tekstil@hotmail.com
tugce.yeniaydin@medtech.com.tr
tugce@audioplus.com.tr
tugrulkirankaya@hotmail.com
tulay_yuk@edwards.com
tulin.doganci@ozgunkimya.com
tunavural@hotmail.com
tunc.koscagiz@leica-microsystems.com
tuncer.albayrak@medtronic.com
tuncmedmedikal@hotmail.com
tuncpek@tuncpek.com.tr
turac.isik@draeger.com
turangungor@yahoo.com
turgut@gzt.com.tr
turkersalihoglu@agsmedikal.com
turkiz.bindal@draeger.com
turkuazsaglik102@hotmail.com
tuzelmedikal@outlook.com
ubb@zimed.com.tr
ubbyardim@hotmail.com
ucar.tuba@gmail.com
ufuk.candan@mrmedikal.com
ufuk.kekec@tinaztepehastanesi.com.tr
ufuk.yaranli@natura-medical.com
ufuk@aldoramedikal.com
ufukkumrulu@polifarma.com.tr
ufukkutlu@optimasmed.com
ugur@tarti.com
ugurmetinedeer@gmail.com
ugurmumay@beta-medikal.com
ulas.mert@convatec.com
ulas@biocalis.com
ulascakirhan@hotmail.com
ulkuakdenizz@hotmail.com
ulkuk@bursa-pazari.com
UMIT@SALUTE.COM.TR
umit.gencturk@pakten.com
umit.mutlu@medtronic.com
umitbingol@orsapak.com
umitozkaya@plasti-med.com
umran.dilekci@medtronic.com
umut_uzun@hotmail.com
umutduran18@hotmail.com
umuttip@hotmail.com
unal@valentis.com.tr
unimed@unimedltd.com
uslumsaglik@gmail.com
uts@bego.com.tr
utsyardimi@hotmail.com
uysal.mevlana@gmail.com
uysal@kurecenter.com
uzmansurgical@gmail.com
uzunayhan34@hotmail.com
varlik.oztoprak@merck.com
vatandisdeposu@gmail.com
vedat@immun.com.tr
vedatgumus063@hotmail.com
velihasar@fggrup.com.tr
velihasar@hotmail.com
venaportaltd@gmail.com
venarthakan@gmail.com
veralyelda@yahoo.com
verasaglik@hotmail.com
vesileozbudak@kuteks.com.tr
vestatibbi.deniz@hotmail.com
veteran@veteran.com.tr
veysel.kizil@bsci.com
veysi@inter-med.com.tr
vizyongrupmed@hotmail.com
vizyonmedikal@outlook.com
volkan@defnekimya.com
volkan@kitsan.com.tr
vural.isiker@bsci.com
vural@34-06.com.tr
widex@widex-tr.com
y.ergene@tr.vivasante.com
yagmur.akcora@kci1.com
yagmur.tayan@philips.com
yalcin@cmfmedical.com
yalmann@hotmail.com
yamac.yaman@terumobct.com
yasam@yasammedikal.com.tr
yasammedikalortopedi@gmail.com
yasamortopedi@outlook.com
yasemin.baskan@biotronik.com
yasemin.erden@keralens.com.tr
yasemin@dogukankimya.com
yasemin@esaoteturkey.com
yasemin_tellioglu@hotmail.com
yaseminonel@tipmed.com
yasin.celikkanat@teknotipmedikal.com.tr
yasin.garip@medtronic.com
yasin@deppomed.com
yasin@inbody.com.tr
yasin@oriontibbi.com.tr
yasin@pirlantadental.com
yasindemirel06@gmail.com
yavuzhanturk@onerdisdeposu.com
yayer@medek.com.tr
yazarriza@gmail.com
yazganmed@hotmail.com
ybelge@expanscience.com.tr
ycetin@ems.tc
yeliz.gultekin@bd.com
yeliz.sasmaz@roche.com
yeliz.yilmaz@medicalpark.com.tr
yeliz@kitsan.com.tr
yeniceritemizlik@hotmail.com
yenifulortopedi@hotmail.com
yetkinteknoloji@gmail.com
yha@rapident.com.tr
yigitakkus@submed.com.tr
yigitonderyilmaz@hotmail.com
yildirimdent@hotmail.com
yilmaz@emremedikal.com.tr
yilmaz@mescomed.com.tr
yilmazmedical@gmail.com
yilmazsaglikurunleri@hotmail.com
yonetim@mezoklinik.com.tr
yucel@aslankayamedikal.com
yucel@denizhanmedikal.com.tr
yuksel.akarsu@orzax.com
yunusemrecakiroglu@gmail.com
yuruksan@sepacotton.com
yusuf@revo-orto.com
yusuf@unaldimedikal.com.tr
yusufyigit@yigitsaglik.com
zafer.etiler@mtteknoloji.com.tr
zaferbudeir@yigitsaglik.com
zaferyenigun@sismed.com
zafkay@hotmail.com
zehra_benli@edwards.com
zehrag@vitalmedikal.com
zeki@zenmed.com.tr
zepa@zepalens.com
zeynep.eraksoy@getinge.com
zeynep.kotan@renege.com.tr
zeynep.ozdemir@medtronic.com
zeynep.sonmeztekin@ertuncozcan.com
zeynep@gokselmedikal.com
zeynep@medikodental.com
zeynep@medisesmedikal.com
zeynep@rodmedikal.com
zeytin978@hotmail.com
zgemici@bicakcilar.com
ziya@profiksmedikal.com
ziynetinsaatmuh.60@gmail.com
zmizrak@grupdental.com.tr
zren4@hotmail.com
zuhalugurlu.karbon@gmail.com
zumrut.dincturk@ashfieldhealthcare.com.tr
zyurduseven@dogsan.com.tr
